,Område,Tid,Indhold
0,All Denmark,2008,2844814
1,All Denmark,2009,2725724
2,All Denmark,2010,2704542
3,All Denmark,2011,2698418
4,All Denmark,2012,2684840
5,All Denmark,2013,2693948
6,All Denmark,2014,2719840
7,All Denmark,2015,2759409
8,All Denmark,2016,2805073
9,All Denmark,2017,2848333
10,Region Hovedstaden,2008,870937
11,Region Hovedstaden,2009,848342
12,Region Hovedstaden,2010,846676
13,Region Hovedstaden,2011,852815
14,Region Hovedstaden,2012,856717
15,Region Hovedstaden,2013,866553
16,Region Hovedstaden,2014,878625
17,Region Hovedstaden,2015,898268
18,Region Hovedstaden,2016,915226
19,Region Hovedstaden,2017,930922
20,Province Byen København,2008,362129
21,Province Byen København,2009,356491
22,Province Byen København,2010,359345
23,Province Byen København,2011,365796
24,Province Byen København,2012,371764
25,Province Byen København,2013,379503
26,Province Byen København,2014,387272
27,Province Byen København,2015,398661
28,Province Byen København,2016,408803
29,Province Byen København,2017,418783
30,Copenhagen,2008,283296
31,Copenhagen,2009,278851
32,Copenhagen,2010,281499
33,Copenhagen,2011,286942
34,Copenhagen,2012,292167
35,Copenhagen,2013,299176
36,Copenhagen,2014,305993
37,Copenhagen,2015,316098
38,Copenhagen,2016,325504
39,Copenhagen,2017,334978
40,Frederiksberg,2008,51090
41,Frederiksberg,2009,50722
42,Frederiksberg,2010,51090
43,Frederiksberg,2011,51838
44,Frederiksberg,2012,52482
45,Frederiksberg,2013,52910
46,Frederiksberg,2014,53567
47,Frederiksberg,2015,54524
48,Frederiksberg,2016,54880
49,Frederiksberg,2017,55277
50,Dragør,2008,6890
51,Dragør,2009,6761
52,Dragør,2010,6744
53,Dragør,2011,6687
54,Dragør,2012,6766
55,Dragør,2013,6786
56,Dragør,2014,6773
57,Dragør,2015,6763
58,Dragør,2016,6865
59,Dragør,2017,6927
60,Tårnby,2008,20853
61,Tårnby,2009,20157
62,Tårnby,2010,20012
63,Tårnby,2011,20329
64,Tårnby,2012,20349
65,Tårnby,2013,20631
66,Tårnby,2014,20939
67,Tårnby,2015,21276
68,Tårnby,2016,21554
69,Tårnby,2017,21601
70,Province Københavns omegn,2008,259999
71,Province Københavns omegn,2009,251525
72,Province Københavns omegn,2010,249409
73,Province Københavns omegn,2011,250312
74,Province Københavns omegn,2012,250157
75,Province Københavns omegn,2013,252308
76,Province Københavns omegn,2014,254989
77,Province Københavns omegn,2015,259560
78,Province Københavns omegn,2016,263088
79,Province Københavns omegn,2017,266707
80,Albertslund,2008,13931
81,Albertslund,2009,13143
82,Albertslund,2010,12666
83,Albertslund,2011,12611
84,Albertslund,2012,12383
85,Albertslund,2013,12271
86,Albertslund,2014,12374
87,Albertslund,2015,12661
88,Albertslund,2016,12683
89,Albertslund,2017,12873
90,Ballerup,2008,23301
91,Ballerup,2009,22308
92,Ballerup,2010,22077
93,Ballerup,2011,22119
94,Ballerup,2012,21927
95,Ballerup,2013,21814
96,Ballerup,2014,21949
97,Ballerup,2015,22138
98,Ballerup,2016,22482
99,Ballerup,2017,22789
100,Brøndby,2008,16122
101,Brøndby,2009,15445
102,Brøndby,2010,15250
103,Brøndby,2011,15262
104,Brøndby,2012,15104
105,Brøndby,2013,15254
106,Brøndby,2014,15432
107,Brøndby,2015,15679
108,Brøndby,2016,16039
109,Brøndby,2017,16103
110,Gentofte,2008,36261
111,Gentofte,2009,35830
112,Gentofte,2010,36136
113,Gentofte,2011,36270
114,Gentofte,2012,36484
115,Gentofte,2013,36783
116,Gentofte,2014,37018
117,Gentofte,2015,37523
118,Gentofte,2016,37742
119,Gentofte,2017,37730
120,Gladsaxe,2008,32732
121,Gladsaxe,2009,31967
122,Gladsaxe,2010,32019
123,Gladsaxe,2011,32020
124,Gladsaxe,2012,32076
125,Gladsaxe,2013,32368
126,Gladsaxe,2014,32791
127,Gladsaxe,2015,33521
128,Gladsaxe,2016,34090
129,Gladsaxe,2017,35112
130,Glostrup,2008,11144
131,Glostrup,2009,10785
132,Glostrup,2010,10617
133,Glostrup,2011,10735
134,Glostrup,2012,10811
135,Glostrup,2013,10936
136,Glostrup,2014,10976
137,Glostrup,2015,11157
138,Glostrup,2016,11238
139,Glostrup,2017,11411
140,Herlev,2008,13553
141,Herlev,2009,13099
142,Herlev,2010,12825
143,Herlev,2011,12774
144,Herlev,2012,12814
145,Herlev,2013,13160
146,Herlev,2014,13458
147,Herlev,2015,13725
148,Herlev,2016,13728
149,Herlev,2017,13858
150,Hvidovre,2008,25494
151,Hvidovre,2009,24696
152,Hvidovre,2010,24426
153,Hvidovre,2011,24606
154,Hvidovre,2012,24766
155,Hvidovre,2013,25059
156,Hvidovre,2014,25386
157,Hvidovre,2015,25808
158,Hvidovre,2016,26186
159,Hvidovre,2017,26352
160,Høje-Taastrup,2008,24764
161,Høje-Taastrup,2009,23519
162,Høje-Taastrup,2010,22921
163,Høje-Taastrup,2011,23016
164,Høje-Taastrup,2012,22783
165,Høje-Taastrup,2013,23048
166,Høje-Taastrup,2014,23331
167,Høje-Taastrup,2015,23823
168,Høje-Taastrup,2016,24332
169,Høje-Taastrup,2017,24732
170,Ishøj,2008,10567
171,Ishøj,2009,9822
172,Ishøj,2010,9693
173,Ishøj,2011,9745
174,Ishøj,2012,9507
175,Ishøj,2013,9653
176,Ishøj,2014,9891
177,Ishøj,2015,10171
178,Ishøj,2016,10507
179,Ishøj,2017,10740
180,Lyngby-Taarbæk,2008,26342
181,Lyngby-Taarbæk,2009,25828
182,Lyngby-Taarbæk,2010,25752
183,Lyngby-Taarbæk,2011,25990
184,Lyngby-Taarbæk,2012,26296
185,Lyngby-Taarbæk,2013,26566
186,Lyngby-Taarbæk,2014,26821
187,Lyngby-Taarbæk,2015,27278
188,Lyngby-Taarbæk,2016,27367
189,Lyngby-Taarbæk,2017,27555
190,Rødovre,2008,18388
191,Rødovre,2009,17725
192,Rødovre,2010,17546
193,Rødovre,2011,17740
194,Rødovre,2012,17791
195,Rødovre,2013,17930
196,Rødovre,2014,18039
197,Rødovre,2015,18383
198,Rødovre,2016,18807
199,Rødovre,2017,19314
200,Vallensbæk,2008,7400
201,Vallensbæk,2009,7358
202,Vallensbæk,2010,7481
203,Vallensbæk,2011,7424
204,Vallensbæk,2012,7415
205,Vallensbæk,2013,7466
206,Vallensbæk,2014,7523
207,Vallensbæk,2015,7693
208,Vallensbæk,2016,7887
209,Vallensbæk,2017,8138
210,Province Nordsjælland,2008,229823
211,Province Nordsjælland,2009,222056
212,Province Nordsjælland,2010,220080
213,Province Nordsjælland,2011,218810
214,Province Nordsjælland,2012,217453
215,Province Nordsjælland,2013,217734
216,Province Nordsjælland,2014,219419
217,Province Nordsjælland,2015,223153
218,Province Nordsjælland,2016,226038
219,Province Nordsjælland,2017,228100
220,Allerød,2008,12871
221,Allerød,2009,12542
222,Allerød,2010,12409
223,Allerød,2011,12183
224,Allerød,2012,12167
225,Allerød,2013,12177
226,Allerød,2014,12308
227,Allerød,2015,12522
228,Allerød,2016,12768
229,Allerød,2017,12974
230,Egedal,2008,22784
231,Egedal,2009,22101
232,Egedal,2010,21809
233,Egedal,2011,21697
234,Egedal,2012,21738
235,Egedal,2013,21645
236,Egedal,2014,21931
237,Egedal,2015,22151
238,Egedal,2016,22379
239,Egedal,2017,22529
240,Fredensborg,2008,20413
241,Fredensborg,2009,19596
242,Fredensborg,2010,19454
243,Fredensborg,2011,19431
244,Fredensborg,2012,19018
245,Fredensborg,2013,19037
246,Fredensborg,2014,19090
247,Fredensborg,2015,19374
248,Fredensborg,2016,19594
249,Fredensborg,2017,19802
250,Frederikssund,2008,23128
251,Frederikssund,2009,22172
252,Frederikssund,2010,21884
253,Frederikssund,2011,21775
254,Frederikssund,2012,21554
255,Frederikssund,2013,21509
256,Frederikssund,2014,21549
257,Frederikssund,2015,21865
258,Frederikssund,2016,22257
259,Frederikssund,2017,22500
260,Furesø,2008,19465
261,Furesø,2009,18971
262,Furesø,2010,18792
263,Furesø,2011,18659
264,Furesø,2012,18389
265,Furesø,2013,18468
266,Furesø,2014,18772
267,Furesø,2015,19438
268,Furesø,2016,19775
269,Furesø,2017,20072
270,Gribskov,2008,21088
271,Gribskov,2009,20325
272,Gribskov,2010,19940
273,Gribskov,2011,19817
274,Gribskov,2012,19565
275,Gribskov,2013,19532
276,Gribskov,2014,19579
277,Gribskov,2015,19790
278,Gribskov,2016,20005
279,Gribskov,2017,20138
280,Halsnæs,2008,15479
281,Halsnæs,2009,14646
282,Halsnæs,2010,14265
283,Halsnæs,2011,14216
284,Halsnæs,2012,14012
285,Halsnæs,2013,13954
286,Halsnæs,2014,14115
287,Halsnæs,2015,14499
288,Halsnæs,2016,14686
289,Halsnæs,2017,14766
290,Helsingør,2008,30366
291,Helsingør,2009,29148
292,Helsingør,2010,29135
293,Helsingør,2011,28848
294,Helsingør,2012,28683
295,Helsingør,2013,28768
296,Helsingør,2014,28934
297,Helsingør,2015,29416
298,Helsingør,2016,29866
299,Helsingør,2017,30049
300,Hillerød,2008,25074
301,Hillerød,2009,24352
302,Hillerød,2010,24317
303,Hillerød,2011,24440
304,Hillerød,2012,24469
305,Hillerød,2013,24583
306,Hillerød,2014,24861
307,Hillerød,2015,25397
308,Hillerød,2016,25800
309,Hillerød,2017,26154
310,Hørsholm,2008,12298
311,Hørsholm,2009,11890
312,Hørsholm,2010,11848
313,Hørsholm,2011,11599
314,Hørsholm,2012,11628
315,Hørsholm,2013,11663
316,Hørsholm,2014,11684
317,Hørsholm,2015,11810
318,Hørsholm,2016,11796
319,Hørsholm,2017,11913
320,Rudersdal,2008,26857
321,Rudersdal,2009,26313
322,Rudersdal,2010,26227
323,Rudersdal,2011,26145
324,Rudersdal,2012,26230
325,Rudersdal,2013,26398
326,Rudersdal,2014,26596
327,Rudersdal,2015,26891
328,Rudersdal,2016,27112
329,Rudersdal,2017,27203
330,Province Bornholm,2008,18986
331,Province Bornholm,2009,18270
332,Province Bornholm,2010,17842
333,Province Bornholm,2011,17897
334,Province Bornholm,2012,17343
335,Province Bornholm,2013,17008
336,Province Bornholm,2014,16945
337,Province Bornholm,2015,16894
338,Province Bornholm,2016,17297
339,Province Bornholm,2017,17332
340,Bornholm,2008,18944
341,Bornholm,2009,18225
342,Bornholm,2010,17798
343,Bornholm,2011,17851
344,Bornholm,2012,17298
345,Bornholm,2013,16969
346,Bornholm,2014,16904
347,Bornholm,2015,16855
348,Bornholm,2016,17260
349,Bornholm,2017,17289
350,Region Sjælland,2008,414992
351,Region Sjælland,2009,395714
352,Region Sjælland,2010,389125
353,Region Sjælland,2011,385111
354,Region Sjælland,2012,379463
355,Region Sjælland,2013,378970
356,Region Sjælland,2014,381940
357,Region Sjælland,2015,387408
358,Region Sjælland,2016,392924
359,Region Sjælland,2017,397327
360,Province Østsjælland,2008,124216
361,Province Østsjælland,2009,119297
362,Province Østsjælland,2010,117917
363,Province Østsjælland,2011,117745
364,Province Østsjælland,2012,116769
365,Province Østsjælland,2013,117300
366,Province Østsjælland,2014,119031
367,Province Østsjælland,2015,121292
368,Province Østsjælland,2016,123197
369,Province Østsjælland,2017,124939
370,Greve,2008,25565
371,Greve,2009,24405
372,Greve,2010,24042
373,Greve,2011,24051
374,Greve,2012,23665
375,Greve,2013,23613
376,Greve,2014,24012
377,Greve,2015,24452
378,Greve,2016,24758
379,Greve,2017,24848
380,Køge,2008,29663
381,Køge,2009,28251
382,Køge,2010,27884
383,Køge,2011,27679
384,Køge,2012,27710
385,Køge,2013,27929
386,Køge,2014,28749
387,Køge,2015,29393
388,Køge,2016,29654
389,Køge,2017,30198
390,Lejre,2008,14407
391,Lejre,2009,13922
392,Lejre,2010,13696
393,Lejre,2011,13645
394,Lejre,2012,13425
395,Lejre,2013,13441
396,Lejre,2014,13531
397,Lejre,2015,13777
398,Lejre,2016,13830
399,Lejre,2017,13987
400,Roskilde,2008,43223
401,Roskilde,2009,41749
402,Roskilde,2010,41429
403,Roskilde,2011,41471
404,Roskilde,2012,41223
405,Roskilde,2013,41416
406,Roskilde,2014,41773
407,Roskilde,2015,42575
408,Roskilde,2016,43563
409,Roskilde,2017,44204
410,Solrød,2008,11358
411,Solrød,2009,10970
412,Solrød,2010,10866
413,Solrød,2011,10899
414,Solrød,2012,10746
415,Solrød,2013,10901
416,Solrød,2014,10966
417,Solrød,2015,11095
418,Solrød,2016,11392
419,Solrød,2017,11702
420,Province Vest- og Sydsjælland,2008,290776
421,Province Vest- og Sydsjælland,2009,276417
422,Province Vest- og Sydsjælland,2010,271208
423,Province Vest- og Sydsjælland,2011,267366
424,Province Vest- og Sydsjælland,2012,262694
425,Province Vest- og Sydsjælland,2013,261670
426,Province Vest- og Sydsjælland,2014,262909
427,Province Vest- og Sydsjælland,2015,266116
428,Province Vest- og Sydsjælland,2016,269727
429,Province Vest- og Sydsjælland,2017,272388
430,Faxe,2008,18442
431,Faxe,2009,17406
432,Faxe,2010,17196
433,Faxe,2011,16953
434,Faxe,2012,16796
435,Faxe,2013,16789
436,Faxe,2014,16938
437,Faxe,2015,17258
438,Faxe,2016,17524
439,Faxe,2017,17791
440,Guldborgsund,2008,30034
441,Guldborgsund,2009,28682
442,Guldborgsund,2010,28039
443,Guldborgsund,2011,27148
444,Guldborgsund,2012,26340
445,Guldborgsund,2013,26137
446,Guldborgsund,2014,25994
447,Guldborgsund,2015,26192
448,Guldborgsund,2016,26556
449,Guldborgsund,2017,26731
450,Holbæk,2008,36048
451,Holbæk,2009,34528
452,Holbæk,2010,34045
453,Holbæk,2011,33678
454,Holbæk,2012,33227
455,Holbæk,2013,32929
456,Holbæk,2014,32977
457,Holbæk,2015,33392
458,Holbæk,2016,34163
459,Holbæk,2017,34275
460,Kalundborg,2008,24433
461,Kalundborg,2009,23056
462,Kalundborg,2010,22473
463,Kalundborg,2011,22103
464,Kalundborg,2012,21533
465,Kalundborg,2013,21493
466,Kalundborg,2014,21573
467,Kalundborg,2015,21902
468,Kalundborg,2016,22064
469,Kalundborg,2017,22285
470,Lolland,2008,20824
471,Lolland,2009,19437
472,Lolland,2010,18631
473,Lolland,2011,17969
474,Lolland,2012,17276
475,Lolland,2013,17009
476,Lolland,2014,16873
477,Lolland,2015,16767
478,Lolland,2016,16661
479,Lolland,2017,16598
480,Næstved,2008,41529
481,Næstved,2009,39519
482,Næstved,2010,38907
483,Næstved,2011,38506
484,Næstved,2012,38346
485,Næstved,2013,38467
486,Næstved,2014,38547
487,Næstved,2015,38925
488,Næstved,2016,39341
489,Næstved,2017,39855
490,Odsherred,2008,15427
491,Odsherred,2009,14548
492,Odsherred,2010,14236
493,Odsherred,2011,14105
494,Odsherred,2012,13794
495,Odsherred,2013,13821
496,Odsherred,2014,13946
497,Odsherred,2015,14044
498,Odsherred,2016,14163
499,Odsherred,2017,14272
500,Ringsted,2008,17259
501,Ringsted,2009,16615
502,Ringsted,2010,16434
503,Ringsted,2011,16425
504,Ringsted,2012,16250
505,Ringsted,2013,16356
506,Ringsted,2014,16628
507,Ringsted,2015,17081
508,Ringsted,2016,17231
509,Ringsted,2017,17595
510,Slagelse,2008,38477
511,Slagelse,2009,36684
512,Slagelse,2010,35996
513,Slagelse,2011,35701
514,Slagelse,2012,35170
515,Slagelse,2013,34951
516,Slagelse,2014,35346
517,Slagelse,2015,35897
518,Slagelse,2016,36705
519,Slagelse,2017,37047
520,Sorø,2008,15028
521,Sorø,2009,14486
522,Sorø,2010,14248
523,Sorø,2011,14096
524,Sorø,2012,13810
525,Sorø,2013,13791
526,Sorø,2014,14031
527,Sorø,2015,14204
528,Sorø,2016,14377
529,Sorø,2017,14468
530,Stevns,2008,11431
531,Stevns,2009,10875
532,Stevns,2010,10736
533,Stevns,2011,10663
534,Stevns,2012,10550
535,Stevns,2013,10485
536,Stevns,2014,10625
537,Stevns,2015,10788
538,Stevns,2016,10942
539,Stevns,2017,11197
540,Vordingborg,2008,21844
541,Vordingborg,2009,20581
542,Vordingborg,2010,20267
543,Vordingborg,2011,20019
544,Vordingborg,2012,19602
545,Vordingborg,2013,19442
546,Vordingborg,2014,19431
547,Vordingborg,2015,19666
548,Vordingborg,2016,20000
549,Vordingborg,2017,20274
550,Region Syddanmark,2008,608313
551,Region Syddanmark,2009,577055
552,Region Syddanmark,2010,568845
553,Region Syddanmark,2011,563343
554,Region Syddanmark,2012,557154
555,Region Syddanmark,2013,557270
556,Region Syddanmark,2014,560952
557,Region Syddanmark,2015,565548
558,Region Syddanmark,2016,573618
559,Region Syddanmark,2017,582163
560,Province Fyn,2008,239387
561,Province Fyn,2009,227709
562,Province Fyn,2010,224166
563,Province Fyn,2011,220967
564,Province Fyn,2012,219133
565,Province Fyn,2013,219417
566,Province Fyn,2014,220977
567,Province Fyn,2015,222682
568,Province Fyn,2016,225951
569,Province Fyn,2017,229643
570,Assens,2008,21077
571,Assens,2009,19828
572,Assens,2010,19594
573,Assens,2011,19377
574,Assens,2012,18998
575,Assens,2013,18893
576,Assens,2014,18880
577,Assens,2015,19028
578,Assens,2016,19130
579,Assens,2017,19366
580,Faaborg-Midtfyn,2008,25948
581,Faaborg-Midtfyn,2009,24582
582,Faaborg-Midtfyn,2010,24118
583,Faaborg-Midtfyn,2011,23660
584,Faaborg-Midtfyn,2012,23213
585,Faaborg-Midtfyn,2013,23183
586,Faaborg-Midtfyn,2014,23087
587,Faaborg-Midtfyn,2015,23305
588,Faaborg-Midtfyn,2016,23493
589,Faaborg-Midtfyn,2017,23864
590,Kerteminde,2008,11759
591,Kerteminde,2009,11085
592,Kerteminde,2010,10839
593,Kerteminde,2011,10574
594,Kerteminde,2012,10394
595,Kerteminde,2013,10534
596,Kerteminde,2014,10604
597,Kerteminde,2015,10686
598,Kerteminde,2016,10680
599,Kerteminde,2017,10885
600,Langeland,2008,6086
601,Langeland,2009,5766
602,Langeland,2010,5583
603,Langeland,2011,5366
604,Langeland,2012,5166
605,Langeland,2013,5133
606,Langeland,2014,5109
607,Langeland,2015,4998
608,Langeland,2016,5106
609,Langeland,2017,5121
610,Middelfart,2008,19214
611,Middelfart,2009,18334
612,Middelfart,2010,18156
613,Middelfart,2011,17986
614,Middelfart,2012,17838
615,Middelfart,2013,17976
616,Middelfart,2014,18183
617,Middelfart,2015,18182
618,Middelfart,2016,18468
619,Middelfart,2017,18700
620,Nordfyns,2008,15057
621,Nordfyns,2009,14212
622,Nordfyns,2010,14001
623,Nordfyns,2011,13773
624,Nordfyns,2012,13603
625,Nordfyns,2013,13396
626,Nordfyns,2014,13570
627,Nordfyns,2015,13687
628,Nordfyns,2016,13975
629,Nordfyns,2017,14189
630,Nyborg,2008,15311
631,Nyborg,2009,14597
632,Nyborg,2010,14158
633,Nyborg,2011,13869
634,Nyborg,2012,13635
635,Nyborg,2013,13533
636,Nyborg,2014,13656
637,Nyborg,2015,13873
638,Nyborg,2016,14143
639,Nyborg,2017,14205
640,Odense,2008,93240
641,Odense,2009,89028
642,Odense,2010,88087
643,Odense,2011,87433
644,Odense,2012,87742
645,Odense,2013,88559
646,Odense,2014,89637
647,Odense,2015,90589
648,Odense,2016,92320
649,Odense,2017,94434
650,Svendborg,2008,28724
651,Svendborg,2009,27427
652,Svendborg,2010,26849
653,Svendborg,2011,26204
654,Svendborg,2012,25876
655,Svendborg,2013,25664
656,Svendborg,2014,25729
657,Svendborg,2015,25792
658,Svendborg,2016,26123
659,Svendborg,2017,26360
660,Ærø,2008,2971
661,Ærø,2009,2850
662,Ærø,2010,2781
663,Ærø,2011,2725
664,Ærø,2012,2668
665,Ærø,2013,2546
666,Ærø,2014,2522
667,Ærø,2015,2542
668,Ærø,2016,2513
669,Ærø,2017,2519
670,Province Sydjylland,2008,368926
671,Province Sydjylland,2009,349346
672,Province Sydjylland,2010,344679
673,Province Sydjylland,2011,342376
674,Province Sydjylland,2012,338021
675,Province Sydjylland,2013,337853
676,Province Sydjylland,2014,339975
677,Province Sydjylland,2015,342866
678,Province Sydjylland,2016,347667
679,Province Sydjylland,2017,352520
680,Billund,2008,14055
681,Billund,2009,13438
682,Billund,2010,13262
683,Billund,2011,13204
684,Billund,2012,13143
685,Billund,2013,13160
686,Billund,2014,13108
687,Billund,2015,13167
688,Billund,2016,13323
689,Billund,2017,13426
690,Esbjerg,2008,58922
691,Esbjerg,2009,56053
692,Esbjerg,2010,55254
693,Esbjerg,2011,55228
694,Esbjerg,2012,54576
695,Esbjerg,2013,54614
696,Esbjerg,2014,55073
697,Esbjerg,2015,55274
698,Esbjerg,2016,55680
699,Esbjerg,2017,56312
700,Fanø,2008,1616
701,Fanø,2009,1566
702,Fanø,2010,1534
703,Fanø,2011,1538
704,Fanø,2012,1504
705,Fanø,2013,1492
706,Fanø,2014,1498
707,Fanø,2015,1478
708,Fanø,2016,1508
709,Fanø,2017,1518
710,Fredericia,2008,25190
711,Fredericia,2009,23753
712,Fredericia,2010,23406
713,Fredericia,2011,23092
714,Fredericia,2012,22739
715,Fredericia,2013,22846
716,Fredericia,2014,23104
717,Fredericia,2015,23358
718,Fredericia,2016,23723
719,Fredericia,2017,24202
720,Haderslev,2008,28762
721,Haderslev,2009,27092
722,Haderslev,2010,26442
723,Haderslev,2011,26169
724,Haderslev,2012,25785
725,Haderslev,2013,25697
726,Haderslev,2014,25868
727,Haderslev,2015,25882
728,Haderslev,2016,26043
729,Haderslev,2017,26422
730,Kolding,2008,47336
731,Kolding,2009,44889
732,Kolding,2010,44277
733,Kolding,2011,44102
734,Kolding,2012,43787
735,Kolding,2013,44021
736,Kolding,2014,44373
737,Kolding,2015,45028
738,Kolding,2016,46019
739,Kolding,2017,46601
740,Sønderborg,2008,37176
741,Sønderborg,2009,34518
742,Sønderborg,2010,34136
743,Sønderborg,2011,33639
744,Sønderborg,2012,33003
745,Sønderborg,2013,32808
746,Sønderborg,2014,32849
747,Sønderborg,2015,32637
748,Sønderborg,2016,33101
749,Sønderborg,2017,33796
750,Tønder,2008,20161
751,Tønder,2009,18991
752,Tønder,2010,18679
753,Tønder,2011,18305
754,Tønder,2012,17762
755,Tønder,2013,17529
756,Tønder,2014,17519
757,Tønder,2015,17631
758,Tønder,2016,17737
759,Tønder,2017,17774
760,Varde,2008,27083
761,Varde,2009,25876
762,Varde,2010,25570
763,Varde,2011,25364
764,Varde,2012,24970
765,Varde,2013,24908
766,Varde,2014,24989
767,Varde,2015,25100
768,Varde,2016,25283
769,Varde,2017,25578
770,Vejen,2008,22389
771,Vejen,2009,21256
772,Vejen,2010,20898
773,Vejen,2011,21003
774,Vejen,2012,20766
775,Vejen,2013,20777
776,Vejen,2014,20871
777,Vejen,2015,21168
778,Vejen,2016,21449
779,Vejen,2017,21668
780,Vejle,2008,56355
781,Vejle,2009,53594
782,Vejle,2010,53435
783,Vejle,2011,53364
784,Vejle,2012,53175
785,Vejle,2013,53460
786,Vejle,2014,54041
787,Vejle,2015,55244
788,Vejle,2016,56534
789,Vejle,2017,57563
790,Aabenraa,2008,29881
791,Aabenraa,2009,28320
792,Aabenraa,2010,27786
793,Aabenraa,2011,27368
794,Aabenraa,2012,26811
795,Aabenraa,2013,26541
796,Aabenraa,2014,26682
797,Aabenraa,2015,26899
798,Aabenraa,2016,27267
799,Aabenraa,2017,27660
800,Region Midtjylland,2008,656669
801,Region Midtjylland,2009,626509
802,Region Midtjylland,2010,623432
803,Region Midtjylland,2011,622141
804,Region Midtjylland,2012,618537
805,Region Midtjylland,2013,619522
806,Region Midtjylland,2014,626017
807,Region Midtjylland,2015,633282
808,Region Midtjylland,2016,644309
809,Region Midtjylland,2017,656234
810,Province Østjylland,2008,429787
811,Province Østjylland,2009,412491
812,Province Østjylland,2010,411663
813,Province Østjylland,2011,411405
814,Province Østjylland,2012,410687
815,Province Østjylland,2013,412735
816,Province Østjylland,2014,418248
817,Province Østjylland,2015,424106
818,Province Østjylland,2016,432746
819,Province Østjylland,2017,441790
820,Favrskov,2008,24938
821,Favrskov,2009,23944
822,Favrskov,2010,23878
823,Favrskov,2011,23942
824,Favrskov,2012,23712
825,Favrskov,2013,23707
826,Favrskov,2014,24129
827,Favrskov,2015,24082
828,Favrskov,2016,24490
829,Favrskov,2017,24979
830,Hedensted,2008,25028
831,Hedensted,2009,23407
832,Hedensted,2010,23514
833,Hedensted,2011,23446
834,Hedensted,2012,23224
835,Hedensted,2013,23139
836,Hedensted,2014,23347
837,Hedensted,2015,23623
838,Hedensted,2016,24018
839,Hedensted,2017,24229
840,Horsens,2008,42506
841,Horsens,2009,40292
842,Horsens,2010,40216
843,Horsens,2011,40582
844,Horsens,2012,40703
845,Horsens,2013,41086
846,Horsens,2014,41717
847,Horsens,2015,42353
848,Horsens,2016,43380
849,Horsens,2017,44220
850,Norddjurs,2008,19239
851,Norddjurs,2009,18185
852,Norddjurs,2010,17981
853,Norddjurs,2011,17672
854,Norddjurs,2012,17507
855,Norddjurs,2013,17483
856,Norddjurs,2014,17560
857,Norddjurs,2015,17688
858,Norddjurs,2016,17771
859,Norddjurs,2017,18010
860,Odder,2008,11222
861,Odder,2009,10816
862,Odder,2010,10690
863,Odder,2011,10548
864,Odder,2012,10419
865,Odder,2013,10440
866,Odder,2014,10472
867,Odder,2015,10580
868,Odder,2016,10706
869,Odder,2017,10964
870,Randers,2008,48367
871,Randers,2009,45597
872,Randers,2010,45288
873,Randers,2011,45352
874,Randers,2012,44992
875,Randers,2013,45008
876,Randers,2014,45470
877,Randers,2015,46128
878,Randers,2016,46816
879,Randers,2017,47356
880,Samsø,2008,1841
881,Samsø,2009,1810
882,Samsø,2010,1709
883,Samsø,2011,1713
884,Samsø,2012,1624
885,Samsø,2013,1636
886,Samsø,2014,1653
887,Samsø,2015,1661
888,Samsø,2016,1669
889,Samsø,2017,1675
890,Silkeborg,2008,46983
891,Silkeborg,2009,44550
892,Silkeborg,2010,44229
893,Silkeborg,2011,44083
894,Silkeborg,2012,43877
895,Silkeborg,2013,44003
896,Silkeborg,2014,44349
897,Silkeborg,2015,44736
898,Silkeborg,2016,45449
899,Silkeborg,2017,46332
900,Skanderborg,2008,30805
901,Skanderborg,2009,29687
902,Skanderborg,2010,29627
903,Skanderborg,2011,29806
904,Skanderborg,2012,29686
905,Skanderborg,2013,29439
906,Skanderborg,2014,29794
907,Skanderborg,2015,30151
908,Skanderborg,2016,30859
909,Skanderborg,2017,31593
910,Syddjurs,2008,20922
911,Syddjurs,2009,19922
912,Syddjurs,2010,19762
913,Syddjurs,2011,19704
914,Syddjurs,2012,19621
915,Syddjurs,2013,19391
916,Syddjurs,2014,19425
917,Syddjurs,2015,19761
918,Syddjurs,2016,19970
919,Syddjurs,2017,20413
920,Aarhus,2008,157936
921,Aarhus,2009,154281
922,Aarhus,2010,154769
923,Aarhus,2011,154557
924,Aarhus,2012,155322
925,Aarhus,2013,157403
926,Aarhus,2014,160332
927,Aarhus,2015,163343
928,Aarhus,2016,167618
929,Aarhus,2017,172019
930,Province Vestjylland,2008,226882
931,Province Vestjylland,2009,214018
932,Province Vestjylland,2010,211769
933,Province Vestjylland,2011,210736
934,Province Vestjylland,2012,207850
935,Province Vestjylland,2013,206787
936,Province Vestjylland,2014,207769
937,Province Vestjylland,2015,209176
938,Province Vestjylland,2016,211563
939,Province Vestjylland,2017,214444
940,Herning,2008,45639
941,Herning,2009,43071
942,Herning,2010,42732
943,Herning,2011,42871
944,Herning,2012,42525
945,Herning,2013,42600
946,Herning,2014,43001
947,Herning,2015,43494
948,Herning,2016,44325
949,Herning,2017,45017
950,Holstebro,2008,30743
951,Holstebro,2009,29127
952,Holstebro,2010,28781
953,Holstebro,2011,28599
954,Holstebro,2012,28357
955,Holstebro,2013,28384
956,Holstebro,2014,28551
957,Holstebro,2015,28576
958,Holstebro,2016,28888
959,Holstebro,2017,29444
960,Ikast-Brande,2008,21459
961,Ikast-Brande,2009,20141
962,Ikast-Brande,2010,20108
963,Ikast-Brande,2011,20061
964,Ikast-Brande,2012,19879
965,Ikast-Brande,2013,19640
966,Ikast-Brande,2014,19811
967,Ikast-Brande,2015,20027
968,Ikast-Brande,2016,20265
969,Ikast-Brande,2017,20527
970,Lemvig,2008,11303
971,Lemvig,2009,10646
972,Lemvig,2010,10606
973,Lemvig,2011,10474
974,Lemvig,2012,10247
975,Lemvig,2013,10067
976,Lemvig,2014,10031
977,Lemvig,2015,9921
978,Lemvig,2016,9858
979,Lemvig,2017,9888
980,Ringkøbing-Skjern,2008,31795
981,Ringkøbing-Skjern,2009,29805
982,Ringkøbing-Skjern,2010,29151
983,Ringkøbing-Skjern,2011,29058
984,Ringkøbing-Skjern,2012,28276
985,Ringkøbing-Skjern,2013,27882
986,Ringkøbing-Skjern,2014,28128
987,Ringkøbing-Skjern,2015,28290
988,Ringkøbing-Skjern,2016,28520
989,Ringkøbing-Skjern,2017,28775
990,Skive,2008,24672
991,Skive,2009,23147
992,Skive,2010,22914
993,Skive,2011,22809
994,Skive,2012,22468
995,Skive,2013,22408
996,Skive,2014,22179
997,Skive,2015,22230
998,Skive,2016,22370
999,Skive,2017,22618
1000,Struer,2008,11532
1001,Struer,2009,10753
1002,Struer,2010,10499
1003,Struer,2011,10374
1004,Struer,2012,10071
1005,Struer,2013,9812
1006,Struer,2014,9818
1007,Struer,2015,9783
1008,Struer,2016,9797
1009,Struer,2017,9842
1010,Viborg,2008,49739
1011,Viborg,2009,47328
1012,Viborg,2010,46978
1013,Viborg,2011,46490
1014,Viborg,2012,46027
1015,Viborg,2013,45994
1016,Viborg,2014,46250
1017,Viborg,2015,46855
1018,Viborg,2016,47540
1019,Viborg,2017,48333
1020,Region Nordjylland,2008,293903
1021,Region Nordjylland,2009,278104
1022,Region Nordjylland,2010,276464
1023,Region Nordjylland,2011,275008
1024,Region Nordjylland,2012,272969
1025,Region Nordjylland,2013,271633
1026,Region Nordjylland,2014,272306
1027,Region Nordjylland,2015,274903
1028,Region Nordjylland,2016,278996
1029,Region Nordjylland,2017,281687
1030,Province Nordjylland,2008,293903
1031,Province Nordjylland,2009,278104
1032,Province Nordjylland,2010,276464
1033,Province Nordjylland,2011,275008
1034,Province Nordjylland,2012,272969
1035,Province Nordjylland,2013,271633
1036,Province Nordjylland,2014,272306
1037,Province Nordjylland,2015,274903
1038,Province Nordjylland,2016,278996
1039,Province Nordjylland,2017,281687
1040,Brønderslev,2008,17798
1041,Brønderslev,2009,16881
1042,Brønderslev,2010,16819
1043,Brønderslev,2011,16774
1044,Brønderslev,2012,16512
1045,Brønderslev,2013,16498
1046,Brønderslev,2014,16503
1047,Brønderslev,2015,16588
1048,Brønderslev,2016,16876
1049,Brønderslev,2017,17095
1050,Frederikshavn,2008,30851
1051,Frederikshavn,2009,28762
1052,Frederikshavn,2010,28308
1053,Frederikshavn,2011,27966
1054,Frederikshavn,2012,27699
1055,Frederikshavn,2013,27380
1056,Frederikshavn,2014,27342
1057,Frederikshavn,2015,27235
1058,Frederikshavn,2016,27410
1059,Frederikshavn,2017,27359
1060,Hjørring,2008,33699
1061,Hjørring,2009,31810
1062,Hjørring,2010,31419
1063,Hjørring,2011,31181
1064,Hjørring,2012,30853
1065,Hjørring,2013,30469
1066,Hjørring,2014,30301
1067,Hjørring,2015,30300
1068,Hjørring,2016,30692
1069,Hjørring,2017,30844
1070,Jammerbugt,2008,19720
1071,Jammerbugt,2009,18511
1072,Jammerbugt,2010,18419
1073,Jammerbugt,2011,18187
1074,Jammerbugt,2012,17946
1075,Jammerbugt,2013,17760
1076,Jammerbugt,2014,17642
1077,Jammerbugt,2015,17837
1078,Jammerbugt,2016,17982
1079,Jammerbugt,2017,18117
1080,Læsø,2008,936
1081,Læsø,2009,843
1082,Læsø,2010,847
1083,Læsø,2011,812
1084,Læsø,2012,769
1085,Læsø,2013,774
1086,Læsø,2014,761
1087,Læsø,2015,757
1088,Læsø,2016,766
1089,Læsø,2017,790
1090,Mariagerfjord,2008,21924
1091,Mariagerfjord,2009,20507
1092,Mariagerfjord,2010,20548
1093,Mariagerfjord,2011,20299
1094,Mariagerfjord,2012,19953
1095,Mariagerfjord,2013,19890
1096,Mariagerfjord,2014,19825
1097,Mariagerfjord,2015,19994
1098,Mariagerfjord,2016,20240
1099,Mariagerfjord,2017,20394
1100,Morsø,2008,10760
1101,Morsø,2009,10018
1102,Morsø,2010,9799
1103,Morsø,2011,9750
1104,Morsø,2012,9590
1105,Morsø,2013,9541
1106,Morsø,2014,9476
1107,Morsø,2015,9444
1108,Morsø,2016,9540
1109,Morsø,2017,9601
1110,Rebild,2008,15441
1111,Rebild,2009,14582
1112,Rebild,2010,14538
1113,Rebild,2011,14541
1114,Rebild,2012,14523
1115,Rebild,2013,14464
1116,Rebild,2014,14509
1117,Rebild,2015,14717
1118,Rebild,2016,14968
1119,Rebild,2017,15305
1120,Thisted,2008,23617
1121,Thisted,2009,22266
1122,Thisted,2010,21837
1123,Thisted,2011,21792
1124,Thisted,2012,21204
1125,Thisted,2013,21019
1126,Thisted,2014,20890
1127,Thisted,2015,20960
1128,Thisted,2016,21072
1129,Thisted,2017,21317
1130,Vesthimmerlands,2008,19597
1131,Vesthimmerlands,2009,18306
1132,Vesthimmerlands,2010,18121
1133,Vesthimmerlands,2011,17775
1134,Vesthimmerlands,2012,17645
1135,Vesthimmerlands,2013,17499
1136,Vesthimmerlands,2014,17531
1137,Vesthimmerlands,2015,17456
1138,Vesthimmerlands,2016,17638
1139,Vesthimmerlands,2017,17802
1140,Aalborg,2008,99560
1141,Aalborg,2009,95618
1142,Aalborg,2010,95809
1143,Aalborg,2011,95931
1144,Aalborg,2012,96275
1145,Aalborg,2013,96339
1146,Aalborg,2014,97526
1147,Aalborg,2015,99615
1148,Aalborg,2016,101812
1149,Aalborg,2017,103063
